post_id,author_id
1,alison-jenks
2,mark-jackson
3,angelica-peterson
547,alison-jenks
543,conor-murphy
537,mark-jackson
536,alison-jenks
535,angelica-peterson
534,conor-murphy
538,alison-jenks
515,conor-murphy
168,angelica-peterson
152,mark-jackson
150,alison-jenks
148,conor-murphy
508,angelica-peterson
500,alison-jenks
496,conor-murphy
484,mark-jackson
481,angelica-peterson
465,conor-murphy
533,mark-jackson
532,conor-murphy
531,alison-jenks
530,mark-jackson
529,alison-jenks
528,angelica-peterson
548,conor-murphy
549,alison-jenks
551,mark-jackson
554,mark-jackson
553,mark-jackson
785,mark-jackson
846,mark-jackson
824,conor-murphy
831,alison-jenks
868,conor-murphy
861,alison-jenks
865,conor-murphy
750,angelica-peterson
835,alison-jenks
829,conor-murphy
837,angelica-peterson
843,alison-jenks
822,mark-jackson
869,conor-murphy
862,alison-jenks
866,mark-jackson
864,mark-jackson
767,angelica-peterson
848,mark-jackson
842,conor-murphy
832,mark-jackson
845,mark-jackson
834,conor-murphy
828,conor-murphy
870,mark-jackson
867,mark-jackson
863,conor-murphy
777,alison-jenks
827,angelica-peterson
850,conor-murphy
839,alison-jenks
840,alison-jenks
825,alison-jenks
854,mark-jackson
748,angelica-peterson
758,alison-jenks
858,angelica-peterson
851,mark-jackson
836,alison-jenks
815,mark-jackson
793,angelica-peterson
742,angelica-peterson
728,mark-jackson
715,alison-jenks
701,mark-jackson
685,conor-murphy
671,mark-jackson
657,mark-jackson
641,angelica-peterson
635,alison-jenks
624,conor-murphy
856,angelica-peterson
847,angelica-peterson
830,angelica-peterson
807,conor-murphy
783,alison-jenks
735,alison-jenks
726,conor-murphy
710,mark-jackson
694,mark-jackson
680,angelica-peterson
669,conor-murphy
646,angelica-peterson
640,mark-jackson
632,conor-murphy
633,angelica-peterson
872,mark-jackson
1044,mark-jackson
1051,conor-murphy
1045,mark-jackson
1034,angelica-peterson
1030,alison-jenks
1016,conor-murphy
985,mark-jackson
898,alison-jenks
1053,conor-murphy
1052,alison-jenks
1048,mark-jackson
1047,conor-murphy
1046,mark-jackson
1038,angelica-peterson
1037,angelica-peterson
1036,angelica-peterson
1029,mark-jackson
1032,alison-jenks
1035,conor-murphy
1026,alison-jenks
1023,alison-jenks
1019,alison-jenks
1042,alison-jenks
1017,angelica-peterson
915,angelica-peterson
1049,conor-murphy
1041,alison-jenks
1039,conor-murphy
1033,angelica-peterson
1031,mark-jackson
1028,alison-jenks
1021,conor-murphy
1040,mark-jackson
931,conor-murphy
959,conor-murphy
1050,conor-murphy
1043,conor-murphy
1027,angelica-peterson
1025,angelica-peterson
1024,angelica-peterson
1022,conor-murphy
1020,alison-jenks
1018,angelica-peterson
1015,alison-jenks
1014,mark-jackson
1013,alison-jenks
1012,angelica-peterson
1011,angelica-peterson
1010,mark-jackson
1009,mark-jackson
1008,angelica-peterson
1007,mark-jackson
1006,angelica-peterson
1005,conor-murphy
1004,mark-jackson
1003,alison-jenks
1002,alison-jenks
1001,angelica-peterson
1000,conor-murphy
999,mark-jackson
998,alison-jenks
997,angelica-peterson
996,angelica-peterson
995,conor-murphy
994,mark-jackson
993,conor-murphy
992,mark-jackson
991,conor-murphy
990,alison-jenks
989,conor-murphy
988,mark-jackson
987,angelica-peterson
986,mark-jackson
984,mark-jackson
983,angelica-peterson
982,conor-murphy
981,mark-jackson
980,alison-jenks
979,alison-jenks
978,alison-jenks
977,conor-murphy
976,conor-murphy
975,angelica-peterson
974,angelica-peterson
973,conor-murphy
972,mark-jackson
971,mark-jackson
970,angelica-peterson
969,conor-murphy
968,alison-jenks
967,mark-jackson
966,conor-murphy
965,conor-murphy
964,conor-murphy
963,alison-jenks
962,conor-murphy
961,alison-jenks
960,mark-jackson
958,alison-jenks
957,mark-jackson
956,angelica-peterson
955,angelica-peterson
954,conor-murphy
1096,alison-jenks
1063,conor-murphy
1095,angelica-peterson
1091,conor-murphy
1099,angelica-peterson
1084,conor-murphy
1081,conor-murphy
1098,alison-jenks
1097,conor-murphy
1094,conor-murphy
1092,mark-jackson
1087,alison-jenks
1102,angelica-peterson
1100,conor-murphy
1090,angelica-peterson
1101,mark-jackson
1093,mark-jackson
950,mark-jackson
946,mark-jackson
944,conor-murphy
933,mark-jackson
928,angelica-peterson
926,angelica-peterson
922,angelica-peterson
921,angelica-peterson
920,conor-murphy
914,alison-jenks
912,mark-jackson
911,alison-jenks
889,conor-murphy
888,alison-jenks
887,angelica-peterson
881,mark-jackson
880,conor-murphy
876,alison-jenks
874,angelica-peterson
860,angelica-peterson
857,alison-jenks
855,angelica-peterson
853,alison-jenks
849,angelica-peterson
844,alison-jenks
841,alison-jenks
833,mark-jackson
826,alison-jenks
823,mark-jackson
811,mark-jackson
948,alison-jenks
953,angelica-peterson
941,conor-murphy
938,alison-jenks
936,angelica-peterson
925,conor-murphy
924,alison-jenks
923,mark-jackson
919,angelica-peterson
918,conor-murphy
916,conor-murphy
910,conor-murphy
893,angelica-peterson
890,angelica-peterson
886,mark-jackson
885,conor-murphy
883,mark-jackson
875,angelica-peterson
859,alison-jenks
852,angelica-peterson
838,conor-murphy
818,alison-jenks
1072,alison-jenks
